Commit number 1 at Tue Jul 22 03:51:17 UTC 2025
Commit number 1 at Tue Jul 22 04:23:03 UTC 2025
Commit number 2 at Tue Jul 22 04:23:17 UTC 2025
Commit number 3 at Tue Jul 22 04:23:24 UTC 2025
Commit number 1 at Wed Jul 23 04:24:56 UTC 2025
Commit number 1 at Thu Jul 24 04:23:34 UTC 2025
Commit number 2 at Thu Jul 24 04:23:41 UTC 2025
Commit number 1 at Fri Jul 25 04:22:57 UTC 2025
Commit number 1 at Sat Jul 26 04:10:54 UTC 2025
Commit number 2 at Sat Jul 26 04:11:07 UTC 2025
Commit number 3 at Sat Jul 26 04:11:15 UTC 2025
Commit number 1 at Sun Jul 27 04:29:44 UTC 2025
Commit number 2 at Sun Jul 27 04:29:52 UTC 2025
Commit number 3 at Sun Jul 27 04:30:02 UTC 2025
Commit number 1 at Mon Jul 28 04:30:57 UTC 2025
Commit number 2 at Mon Jul 28 04:31:03 UTC 2025
Commit number 1 at Tue Jul 29 04:32:18 UTC 2025
Commit number 1 at Wed Jul 30 04:28:42 UTC 2025
Commit number 1 at Thu Jul 31 04:27:15 UTC 2025
Commit number 1 at Fri Aug  1 04:38:44 UTC 2025
Commit number 1 at Sat Aug  2 04:09:48 UTC 2025
Commit number 1 at Sun Aug  3 04:33:01 UTC 2025
Commit number 1 at Mon Aug  4 04:41:29 UTC 2025
Commit number 1 at Tue Aug  5 04:33:24 UTC 2025
Commit number 2 at Tue Aug  5 04:33:31 UTC 2025
Commit number 1 at Wed Aug  6 04:30:30 UTC 2025
Commit number 1 at Thu Aug  7 04:30:20 UTC 2025
Commit number 1 at Fri Aug  8 04:29:50 UTC 2025
Commit number 2 at Fri Aug  8 04:29:58 UTC 2025
Commit number 3 at Fri Aug  8 04:30:12 UTC 2025
Commit number 1 at Sat Aug  9 04:03:27 UTC 2025
Commit number 1 at Sun Aug 10 04:26:35 UTC 2025
Commit number 1 at Mon Aug 11 04:29:00 UTC 2025
Commit number 2 at Mon Aug 11 04:29:07 UTC 2025
Commit number 3 at Mon Aug 11 04:29:13 UTC 2025
Commit number 1 at Tue Aug 12 04:01:53 UTC 2025
Commit number 2 at Tue Aug 12 04:02:01 UTC 2025
Commit number 3 at Tue Aug 12 04:02:10 UTC 2025
Commit number 1 at Wed Aug 13 04:03:57 UTC 2025
Commit number 1 at Thu Aug 14 04:04:32 UTC 2025
Commit number 2 at Thu Aug 14 04:04:44 UTC 2025
Commit number 3 at Thu Aug 14 04:04:52 UTC 2025
Commit number 1 at Fri Aug 15 04:05:23 UTC 2025
Commit number 2 at Fri Aug 15 04:05:34 UTC 2025
Commit number 3 at Fri Aug 15 04:05:43 UTC 2025
Commit number 1 at Sat Aug 16 03:58:12 UTC 2025
Commit number 1 at Sun Aug 17 04:08:08 UTC 2025
Commit number 2 at Sun Aug 17 04:08:15 UTC 2025
Commit number 1 at Mon Aug 18 04:23:30 UTC 2025
Commit number 1 at Tue Aug 19 03:54:33 UTC 2025
Commit number 1 at Wed Aug 20 03:53:36 UTC 2025
Commit number 2 at Wed Aug 20 03:53:41 UTC 2025
Commit number 3 at Wed Aug 20 03:53:54 UTC 2025
Commit number 1 at Thu Aug 21 03:53:12 UTC 2025
Commit number 2 at Thu Aug 21 03:53:18 UTC 2025
Commit number 1 at Fri Aug 22 03:53:23 UTC 2025
Commit number 2 at Fri Aug 22 03:53:34 UTC 2025
Commit number 1 at Sat Aug 23 03:50:35 UTC 2025
Commit number 2 at Sat Aug 23 03:50:44 UTC 2025
Commit number 3 at Sat Aug 23 03:50:58 UTC 2025
Commit number 1 at Sun Aug 24 04:00:48 UTC 2025
Commit number 1 at Mon Aug 25 03:59:31 UTC 2025
Commit number 1 at Tue Aug 26 03:54:32 UTC 2025
Commit number 2 at Tue Aug 26 03:54:41 UTC 2025
Commit number 1 at Wed Aug 27 03:49:36 UTC 2025
Commit number 1 at Thu Aug 28 03:50:00 UTC 2025
Commit number 2 at Thu Aug 28 03:50:10 UTC 2025
Commit number 3 at Thu Aug 28 03:50:15 UTC 2025
Commit number 1 at Fri Aug 29 03:49:31 UTC 2025
Commit number 2 at Fri Aug 29 03:49:38 UTC 2025
Commit number 3 at Fri Aug 29 03:49:46 UTC 2025
Commit number 1 at Sat Aug 30 03:46:44 UTC 2025
Commit number 2 at Sat Aug 30 03:46:57 UTC 2025
Commit number 1 at Sun Aug 31 03:50:42 UTC 2025
Commit number 2 at Sun Aug 31 03:50:47 UTC 2025
Commit number 1 at Mon Sep  1 04:04:29 UTC 2025
Commit number 2 at Mon Sep  1 04:04:42 UTC 2025
Commit number 1 at Tue Sep  2 03:51:52 UTC 2025
Commit number 1 at Wed Sep  3 03:45:22 UTC 2025
Commit number 2 at Wed Sep  3 03:45:36 UTC 2025
Commit number 3 at Wed Sep  3 03:45:47 UTC 2025
Commit number 1 at Thu Sep  4 03:45:50 UTC 2025
Commit number 2 at Thu Sep  4 03:45:55 UTC 2025
Commit number 1 at Fri Sep  5 03:47:49 UTC 2025
Commit number 2 at Fri Sep  5 03:47:54 UTC 2025
Commit number 1 at Sat Sep  6 03:44:10 UTC 2025
Commit number 2 at Sat Sep  6 03:44:19 UTC 2025
Commit number 3 at Sat Sep  6 03:44:32 UTC 2025
Commit number 1 at Sun Sep  7 03:47:57 UTC 2025
Commit number 2 at Sun Sep  7 03:48:02 UTC 2025
Commit number 1 at Mon Sep  8 03:51:50 UTC 2025
Commit number 2 at Mon Sep  8 03:52:04 UTC 2025
Commit number 3 at Mon Sep  8 03:52:18 UTC 2025
Commit number 1 at Tue Sep  9 03:49:12 UTC 2025
Commit number 1 at Wed Sep 10 03:45:30 UTC 2025
Commit number 1 at Thu Sep 11 03:48:31 UTC 2025
Commit number 2 at Thu Sep 11 03:48:43 UTC 2025
Commit number 1 at Fri Sep 12 03:44:22 UTC 2025
Commit number 2 at Fri Sep 12 03:44:31 UTC 2025
Commit number 1 at Sat Sep 13 03:40:23 UTC 2025
Commit number 2 at Sat Sep 13 03:40:34 UTC 2025
Commit number 1 at Sun Sep 14 03:47:51 UTC 2025
Commit number 1 at Mon Sep 15 03:52:22 UTC 2025
Commit number 2 at Mon Sep 15 03:52:36 UTC 2025
Commit number 1 at Tue Sep 16 03:45:58 UTC 2025
Commit number 2 at Tue Sep 16 03:46:07 UTC 2025
Commit number 1 at Wed Sep 17 03:45:32 UTC 2025
Commit number 2 at Wed Sep 17 03:45:40 UTC 2025
Commit number 3 at Wed Sep 17 03:45:50 UTC 2025
Commit number 1 at Thu Sep 18 03:47:24 UTC 2025
Commit number 2 at Thu Sep 18 03:47:36 UTC 2025
Commit number 3 at Thu Sep 18 03:47:47 UTC 2025
Commit number 1 at Fri Sep 19 03:47:59 UTC 2025
Commit number 2 at Fri Sep 19 03:48:09 UTC 2025
Commit number 1 at Sat Sep 20 03:45:01 UTC 2025
Commit number 1 at Sun Sep 21 03:51:04 UTC 2025
Commit number 2 at Sun Sep 21 03:51:13 UTC 2025
Commit number 3 at Sun Sep 21 03:51:21 UTC 2025
Commit number 1 at Mon Sep 22 03:52:04 UTC 2025
Commit number 2 at Mon Sep 22 03:52:15 UTC 2025
Commit number 1 at Tue Sep 23 03:47:14 UTC 2025
Commit number 2 at Tue Sep 23 03:47:28 UTC 2025
Commit number 3 at Tue Sep 23 03:47:40 UTC 2025
Commit number 1 at Wed Sep 24 03:48:02 UTC 2025
Commit number 1 at Thu Sep 25 03:48:56 UTC 2025
Commit number 1 at Fri Sep 26 03:47:47 UTC 2025
Commit number 2 at Fri Sep 26 03:47:56 UTC 2025
Commit number 3 at Fri Sep 26 03:48:06 UTC 2025
Commit number 1 at Sat Sep 27 03:45:13 UTC 2025
Commit number 2 at Sat Sep 27 03:45:19 UTC 2025
Commit number 3 at Sat Sep 27 03:45:30 UTC 2025
Commit number 1 at Sun Sep 28 03:50:46 UTC 2025
Commit number 1 at Mon Sep 29 03:51:07 UTC 2025
Commit number 1 at Tue Sep 30 03:48:06 UTC 2025
Commit number 2 at Tue Sep 30 03:48:19 UTC 2025
Commit number 1 at Wed Oct  1 03:53:42 UTC 2025
Commit number 1 at Thu Oct  2 03:46:06 UTC 2025
Commit number 2 at Thu Oct  2 03:46:11 UTC 2025
Commit number 3 at Thu Oct  2 03:46:17 UTC 2025
Commit number 1 at Fri Oct  3 03:45:22 UTC 2025
Commit number 2 at Fri Oct  3 03:45:34 UTC 2025
Commit number 3 at Fri Oct  3 03:45:44 UTC 2025
Commit number 1 at Sat Oct  4 03:42:46 UTC 2025
Commit number 2 at Sat Oct  4 03:43:00 UTC 2025
Commit number 1 at Sun Oct  5 03:48:22 UTC 2025
Commit number 2 at Sun Oct  5 03:48:28 UTC 2025
Commit number 1 at Mon Oct  6 03:48:58 UTC 2025
Commit number 1 at Tue Oct  7 03:47:38 UTC 2025
Commit number 1 at Wed Oct  8 03:47:23 UTC 2025
Commit number 1 at Thu Oct  9 03:48:49 UTC 2025
Commit number 1 at Fri Oct 10 03:48:24 UTC 2025
Commit number 2 at Fri Oct 10 03:48:32 UTC 2025
Commit number 3 at Fri Oct 10 03:48:41 UTC 2025
Commit number 1 at Sat Oct 11 03:43:57 UTC 2025
Commit number 2 at Sat Oct 11 03:44:06 UTC 2025
Commit number 3 at Sat Oct 11 03:44:20 UTC 2025
Commit number 1 at Sun Oct 12 03:48:25 UTC 2025
Commit number 2 at Sun Oct 12 03:48:35 UTC 2025
Commit number 3 at Sun Oct 12 03:48:49 UTC 2025
Commit number 1 at Mon Oct 13 03:54:31 UTC 2025
Commit number 2 at Mon Oct 13 03:54:40 UTC 2025
Commit number 3 at Mon Oct 13 03:54:46 UTC 2025
Commit number 1 at Tue Oct 14 03:48:43 UTC 2025
Commit number 2 at Tue Oct 14 03:48:49 UTC 2025
Commit number 1 at Wed Oct 15 03:50:48 UTC 2025
Commit number 2 at Wed Oct 15 03:50:53 UTC 2025
Commit number 3 at Wed Oct 15 03:51:02 UTC 2025
Commit number 1 at Thu Oct 16 03:51:24 UTC 2025
Commit number 1 at Fri Oct 17 03:49:31 UTC 2025
Commit number 2 at Fri Oct 17 03:49:42 UTC 2025
Commit number 1 at Sat Oct 18 03:45:45 UTC 2025
Commit number 2 at Sat Oct 18 03:45:52 UTC 2025
Commit number 1 at Sun Oct 19 03:57:24 UTC 2025
Commit number 2 at Sun Oct 19 03:57:31 UTC 2025
Commit number 1 at Mon Oct 20 03:59:32 UTC 2025
Commit number 2 at Mon Oct 20 03:59:41 UTC 2025
Commit number 3 at Mon Oct 20 03:59:50 UTC 2025
Commit number 1 at Tue Oct 21 03:50:56 UTC 2025
Commit number 2 at Tue Oct 21 03:51:04 UTC 2025
Commit number 1 at Wed Oct 22 03:55:28 UTC 2025
Commit number 2 at Wed Oct 22 03:55:41 UTC 2025
Commit number 3 at Wed Oct 22 03:55:51 UTC 2025
Commit number 1 at Thu Oct 23 03:50:29 UTC 2025
Commit number 1 at Fri Oct 24 03:49:15 UTC 2025
Commit number 2 at Fri Oct 24 03:49:21 UTC 2025
Commit number 3 at Fri Oct 24 03:49:35 UTC 2025
Commit number 1 at Sat Oct 25 03:50:16 UTC 2025
Commit number 2 at Sat Oct 25 03:50:26 UTC 2025
Commit number 1 at Sun Oct 26 03:53:06 UTC 2025
Commit number 2 at Sun Oct 26 03:53:18 UTC 2025
Commit number 1 at Mon Oct 27 04:03:58 UTC 2025
Commit number 2 at Mon Oct 27 04:04:09 UTC 2025
Commit number 1 at Tue Oct 28 03:53:27 UTC 2025
Commit number 1 at Wed Oct 29 03:59:16 UTC 2025
Commit number 2 at Wed Oct 29 03:59:26 UTC 2025
Commit number 1 at Thu Oct 30 03:54:46 UTC 2025
Commit number 2 at Thu Oct 30 03:54:57 UTC 2025
Commit number 3 at Thu Oct 30 03:55:02 UTC 2025
Commit number 1 at Fri Oct 31 03:55:39 UTC 2025
Commit number 2 at Fri Oct 31 03:55:50 UTC 2025
Commit number 3 at Fri Oct 31 03:56:03 UTC 2025
Commit number 1 at Sat Nov  1 03:54:19 UTC 2025
Commit number 2 at Sat Nov  1 03:54:32 UTC 2025
Commit number 3 at Sat Nov  1 03:54:42 UTC 2025
Commit number 1 at Sun Nov  2 03:57:00 UTC 2025
Commit number 2 at Sun Nov  2 03:57:06 UTC 2025
Commit number 1 at Mon Nov  3 04:01:54 UTC 2025
Commit number 2 at Mon Nov  3 04:02:06 UTC 2025
Commit number 3 at Mon Nov  3 04:02:17 UTC 2025
Commit number 1 at Tue Nov  4 03:54:12 UTC 2025
Commit number 2 at Tue Nov  4 03:54:21 UTC 2025
Commit number 3 at Tue Nov  4 03:54:28 UTC 2025
Commit number 1 at Wed Nov  5 03:56:09 UTC 2025
Commit number 2 at Wed Nov  5 03:56:17 UTC 2025
Commit number 3 at Wed Nov  5 03:56:25 UTC 2025
Commit number 1 at Thu Nov  6 03:58:58 UTC 2025
Commit number 2 at Thu Nov  6 03:59:06 UTC 2025
Commit number 3 at Thu Nov  6 03:59:18 UTC 2025
Commit number 1 at Fri Nov  7 03:54:56 UTC 2025
Commit number 2 at Fri Nov  7 03:55:02 UTC 2025
Commit number 3 at Fri Nov  7 03:55:15 UTC 2025
Commit number 1 at Sat Nov  8 03:50:05 UTC 2025
Commit number 2 at Sat Nov  8 03:50:13 UTC 2025
Commit number 3 at Sat Nov  8 03:50:23 UTC 2025
Commit number 1 at Sun Nov  9 03:56:00 UTC 2025
Commit number 1 at Mon Nov 10 04:02:08 UTC 2025
Commit number 1 at Tue Nov 11 03:57:39 UTC 2025
Commit number 2 at Tue Nov 11 03:57:48 UTC 2025
Commit number 3 at Tue Nov 11 03:57:57 UTC 2025
Commit number 1 at Wed Nov 12 03:56:25 UTC 2025
Commit number 2 at Wed Nov 12 03:56:39 UTC 2025
Commit number 1 at Thu Nov 13 03:59:12 UTC 2025
Commit number 2 at Thu Nov 13 03:59:17 UTC 2025
Commit number 3 at Thu Nov 13 03:59:30 UTC 2025
Commit number 1 at Fri Nov 14 03:56:56 UTC 2025
Commit number 2 at Fri Nov 14 03:57:09 UTC 2025
Commit number 3 at Fri Nov 14 03:57:23 UTC 2025
Commit number 1 at Sat Nov 15 03:51:50 UTC 2025
Commit number 2 at Sat Nov 15 03:51:56 UTC 2025
Commit number 1 at Sun Nov 16 04:00:37 UTC 2025
Commit number 2 at Sun Nov 16 04:00:46 UTC 2025
Commit number 3 at Sun Nov 16 04:00:57 UTC 2025
Commit number 1 at Mon Nov 17 03:59:58 UTC 2025
Commit number 2 at Mon Nov 17 04:00:06 UTC 2025
Commit number 1 at Tue Nov 18 03:56:17 UTC 2025
Commit number 1 at Wed Nov 19 03:55:56 UTC 2025
Commit number 2 at Wed Nov 19 03:56:08 UTC 2025
Commit number 1 at Thu Nov 20 03:55:18 UTC 2025
Commit number 2 at Thu Nov 20 03:55:31 UTC 2025
Commit number 3 at Thu Nov 20 03:55:45 UTC 2025
Commit number 1 at Fri Nov 21 03:55:00 UTC 2025
Commit number 1 at Sat Nov 22 03:50:44 UTC 2025
Commit number 1 at Sun Nov 23 04:09:21 UTC 2025
Commit number 1 at Mon Nov 24 04:08:57 UTC 2025
Commit number 1 at Tue Nov 25 03:59:31 UTC 2025
Commit number 1 at Wed Nov 26 03:59:10 UTC 2025
Commit number 2 at Wed Nov 26 03:59:16 UTC 2025
Commit number 1 at Thu Nov 27 03:55:59 UTC 2025
Commit number 2 at Thu Nov 27 03:56:11 UTC 2025
Commit number 1 at Fri Nov 28 03:55:54 UTC 2025
Commit number 2 at Fri Nov 28 03:56:03 UTC 2025
Commit number 3 at Fri Nov 28 03:56:15 UTC 2025
Commit number 1 at Sat Nov 29 03:55:16 UTC 2025
Commit number 2 at Sat Nov 29 03:55:22 UTC 2025
Commit number 3 at Sat Nov 29 03:55:27 UTC 2025
Commit number 1 at Sun Nov 30 04:09:40 UTC 2025
Commit number 2 at Sun Nov 30 04:09:45 UTC 2025
Commit number 1 at Mon Dec  1 04:34:53 UTC 2025
Commit number 1 at Tue Dec  2 04:03:50 UTC 2025
Commit number 1 at Wed Dec  3 04:02:10 UTC 2025
Commit number 1 at Thu Dec  4 04:04:09 UTC 2025
Commit number 1 at Fri Dec  5 04:03:03 UTC 2025
Commit number 1 at Sat Dec  6 03:53:58 UTC 2025
Commit number 1 at Sun Dec  7 04:09:33 UTC 2025
Commit number 2 at Sun Dec  7 04:09:40 UTC 2025
Commit number 1 at Mon Dec  8 04:07:41 UTC 2025
Commit number 2 at Mon Dec  8 04:07:48 UTC 2025
Commit number 3 at Mon Dec  8 04:07:56 UTC 2025
Commit number 1 at Tue Dec  9 04:02:33 UTC 2025
Commit number 1 at Wed Dec 10 04:07:52 UTC 2025
Commit number 2 at Wed Dec 10 04:08:03 UTC 2025
Commit number 1 at Thu Dec 11 04:09:29 UTC 2025
Commit number 2 at Thu Dec 11 04:09:38 UTC 2025
Commit number 3 at Thu Dec 11 04:09:52 UTC 2025
Commit number 1 at Fri Dec 12 04:08:50 UTC 2025
Commit number 2 at Fri Dec 12 04:09:01 UTC 2025
Commit number 1 at Sat Dec 13 03:59:35 UTC 2025
Commit number 2 at Sat Dec 13 03:59:47 UTC 2025
Commit number 3 at Sat Dec 13 03:59:53 UTC 2025
Commit number 1 at Sun Dec 14 04:11:58 UTC 2025
Commit number 2 at Sun Dec 14 04:12:05 UTC 2025
Commit number 3 at Sun Dec 14 04:12:10 UTC 2025
Commit number 1 at Mon Dec 15 04:26:55 UTC 2025
Commit number 2 at Mon Dec 15 04:27:02 UTC 2025
Commit number 1 at Tue Dec 16 04:10:10 UTC 2025
Commit number 2 at Tue Dec 16 04:10:16 UTC 2025
Commit number 3 at Tue Dec 16 04:10:28 UTC 2025
Commit number 1 at Wed Dec 17 04:06:28 UTC 2025
Commit number 1 at Thu Dec 18 04:07:45 UTC 2025
Commit number 2 at Thu Dec 18 04:07:56 UTC 2025
Commit number 1 at Fri Dec 19 04:08:56 UTC 2025
Commit number 2 at Fri Dec 19 04:09:08 UTC 2025
Commit number 3 at Fri Dec 19 04:09:17 UTC 2025
Commit number 1 at Sat Dec 20 04:00:00 UTC 2025
Commit number 2 at Sat Dec 20 04:00:11 UTC 2025
Commit number 1 at Sun Dec 21 04:22:26 UTC 2025
Commit number 1 at Mon Dec 22 04:27:00 UTC 2025
Commit number 2 at Mon Dec 22 04:27:10 UTC 2025
Commit number 1 at Tue Dec 23 04:12:36 UTC 2025
Commit number 2 at Tue Dec 23 04:12:45 UTC 2025
Commit number 3 at Tue Dec 23 04:12:52 UTC 2025
Commit number 1 at Wed Dec 24 04:10:23 UTC 2025
Commit number 2 at Wed Dec 24 04:10:32 UTC 2025
Commit number 3 at Wed Dec 24 04:10:43 UTC 2025
Commit number 1 at Thu Dec 25 04:12:05 UTC 2025
Commit number 2 at Thu Dec 25 04:12:18 UTC 2025
Commit number 1 at Fri Dec 26 04:09:38 UTC 2025
Commit number 2 at Fri Dec 26 04:09:50 UTC 2025
Commit number 1 at Sat Dec 27 04:07:25 UTC 2025
Commit number 2 at Sat Dec 27 04:07:37 UTC 2025
Commit number 3 at Sat Dec 27 04:07:44 UTC 2025
Commit number 1 at Sun Dec 28 04:31:28 UTC 2025
Commit number 2 at Sun Dec 28 04:31:35 UTC 2025
Commit number 3 at Sun Dec 28 04:31:40 UTC 2025
Commit number 1 at Mon Dec 29 04:34:55 UTC 2025
Commit number 1 at Tue Dec 30 04:23:27 UTC 2025
Commit number 1 at Wed Dec 31 04:22:40 UTC 2025
Commit number 2 at Wed Dec 31 04:22:45 UTC 2025
Commit number 1 at Thu Jan  1 04:33:47 UTC 2026
Commit number 1 at Fri Jan  2 04:26:28 UTC 2026
Commit number 2 at Fri Jan  2 04:26:37 UTC 2026
Commit number 1 at Sat Jan  3 04:07:20 UTC 2026
Commit number 2 at Sat Jan  3 04:07:28 UTC 2026
Commit number 3 at Sat Jan  3 04:07:35 UTC 2026
Commit number 1 at Sun Jan  4 04:34:25 UTC 2026
Commit number 2 at Sun Jan  4 04:34:30 UTC 2026
Commit number 3 at Sun Jan  4 04:34:41 UTC 2026
Commit number 1 at Mon Jan  5 04:41:42 UTC 2026
Commit number 2 at Mon Jan  5 04:41:55 UTC 2026
Commit number 1 at Tue Jan  6 04:24:45 UTC 2026
Commit number 2 at Tue Jan  6 04:24:59 UTC 2026
Commit number 1 at Wed Jan  7 04:25:40 UTC 2026
Commit number 2 at Wed Jan  7 04:25:47 UTC 2026
Commit number 1 at Thu Jan  8 04:24:49 UTC 2026
Commit number 1 at Fri Jan  9 04:25:49 UTC 2026
Commit number 1 at Sat Jan 10 04:08:47 UTC 2026
Commit number 2 at Sat Jan 10 04:08:59 UTC 2026
Commit number 1 at Sun Jan 11 04:33:41 UTC 2026
Commit number 2 at Sun Jan 11 04:33:54 UTC 2026
Commit number 1 at Mon Jan 12 04:36:17 UTC 2026
Commit number 2 at Mon Jan 12 04:36:23 UTC 2026
Commit number 3 at Mon Jan 12 04:36:37 UTC 2026
Commit number 1 at Tue Jan 13 04:25:13 UTC 2026
Commit number 2 at Tue Jan 13 04:25:22 UTC 2026
Commit number 1 at Wed Jan 14 04:34:14 UTC 2026
Commit number 1 at Thu Jan 15 04:27:19 UTC 2026
Commit number 2 at Thu Jan 15 04:27:27 UTC 2026
Commit number 3 at Thu Jan 15 04:27:39 UTC 2026
Commit number 1 at Fri Jan 16 04:25:26 UTC 2026
Commit number 1 at Sat Jan 17 04:07:41 UTC 2026
Commit number 2 at Sat Jan 17 04:07:46 UTC 2026
Commit number 3 at Sat Jan 17 04:07:54 UTC 2026
